INSERT INTO `business` (`bid`, `longitude`, `latitude`, `hours`, `lid`, `name`, `address`, `postalCode`, `stars`, `reviewCount`, `isOpen`) VALUES ('CF33F8-E6oudUQ46HnavjQ', -87.058943, 36.269593, '{\"Monday\":\"0:0-0:0\",\"Tuesday\":\"6:0-22:0\",\"Wednesday\":\"6:0-22:0\",\"Thursday\":\"6:0-22:0\",\"Friday\":\"9:0-0:0\",\"Saturday\":\"9:0-22:0\",\"Sunday\":\"8:0-22:0\"}', 4, 'Sonic Drive-In', '615 S Main St', '37015\r\n', 1, 1, 1);
INSERT INTO `business` (`bid`, `longitude`, `latitude`, `hours`, `lid`, `name`, `address`, `postalCode`, `stars`, `reviewCount`, `isOpen`) VALUES ('k0hlBqXX-Bt0vf1op7Jr1w', -90.3210868, 38.5651648, '', 5, 'Tsevi\'s Pub And Grill', '8025 Mackenzie Rd', '63123\r\n', 2, 0, 1);
INSERT INTO `business` (`bid`, `longitude`, `latitude`, `hours`, `lid`, `name`, `address`, `postalCode`, `stars`, `reviewCount`, `isOpen`) VALUES ('MTSW4McQd7CbVtyjqoe9mw', -75.1555641, 39.9555052, '{\"Monday\":\"7:0-20:0\",\"Tuesday\":\"7:0-20:0\",\"Wednesday\":\"7:0-20:0\",\"Thursday\":\"7:0-20:0\",\"Friday\":\"7:0-21:0\",\"Saturday\":\"7:0-21:0\",\"Sunday\":\"7:0-21:0\"}', 2, 'St Honore Pastries', '935 Race St', '19107\r\n', 3, 1, 1);
INSERT INTO `business` (`bid`, `longitude`, `latitude`, `hours`, `lid`, `name`, `address`, `postalCode`, `stars`, `reviewCount`, `isOpen`) VALUES ('mWMc6_wTdE0EUBKIGXDVfA', -75.4716585, 40.3381827, '{\"Wednesday\":\"14:0-22:0\",\"Thursday\":\"16:0-22:0\",\"Friday\":\"12:0-22:0\",\"Saturday\":\"12:0-22:0\",\"Sunday\":\"12:0-18:0\"}', 3, 'Perkiomen Valley Brewery', '101 Walnut St', '18054\r\n', 4, 2, 0);
INSERT INTO `business` (`bid`, `longitude`, `latitude`, `hours`, `lid`, `name`, `address`, `postalCode`, `stars`, `reviewCount`, `isOpen`) VALUES ('tUFrWirKiKi_TAnsVWINQQ', -110.880452, 32.223236, '{\"Monday\":\"8:0-22:0\",\"Tuesday\":\"8:0-22:0\",\"Wednesday\":\"8:0-22:0\",\"Thursday\":\"8:0-22:0\",\"Friday\":\"8:0-23:0\",\"Saturday\":\"8:0-23:0\",\"Sunday\":\"8:0-22:0\"}', 1, 'Target', '5255 E Broadway Blvd', '85711\r\n', 5, 1, 0);
INSERT INTO `category` (`bid`, `cate`) VALUES ('tUFrWirKiKi_TAnsVWINQQ', 'Department Stores, Shopping, Fashion, Home & Garden, Electronics, Furniture Stores\r\n');
INSERT INTO `category` (`bid`, `cate`) VALUES ('MTSW4McQd7CbVtyjqoe9mw', 'Restaurants, Food, Bubble Tea, Coffee & Tea, ');
INSERT INTO `category` (`bid`, `cate`) VALUES ('mWMc6_wTdE0EUBKIGXDVfA', 'Brewpubs, Breweries, Food');
INSERT INTO `category` (`bid`, `cate`) VALUES ('CF33F8-E6oudUQ46HnavjQ', 'Burgers, Fast Food, Sandwiches, Food, Ice Cream & Frozen Yogurt, Restaurants');
INSERT INTO `category` (`bid`, `cate`) VALUES ('k0hlBqXX-Bt0vf1op7Jr1w', 'Pubs, Restaurants, Italian, Bars, American (Traditional), Nightlife, Greek');
INSERT INTO `location` (`lid`, `city`, `state`) VALUES ('1', 'Tucson', 'AZ');
INSERT INTO `location` (`lid`, `city`, `state`) VALUES ('2', 'Philadelphia', 'PA');
INSERT INTO `location` (`lid`, `city`, `state`) VALUES ('3', 'Green Lane', 'PA');
INSERT INTO `location` (`lid`, `city`, `state`) VALUES ('4', 'Ashland City', 'TN');
INSERT INTO `location` (`lid`, `city`, `state`) VALUES ('5', 'Affton', 'MO');
INSERT INTO `review` (`rid`, `date`, `text`, `stars`, `cool`) VALUES ('1', '2023-02-09 22:48:09', 'very good', 0, 0);
INSERT INTO `review` (`rid`, `date`, `text`, `stars`, `cool`) VALUES ('2', '2023-06-01 22:48:47', 'very bad', 0, 0);
INSERT INTO `review` (`rid`, `date`, `text`, `stars`, `cool`) VALUES ('3', '2023-05-16 22:48:51', 'so so', 0, 0);
INSERT INTO `review` (`rid`, `date`, `text`, `stars`, `cool`) VALUES ('4', '2023-04-22 22:48:56', 'delicious', 0, 0);
INSERT INTO `review` (`rid`, `date`, `text`, `stars`, `cool`) VALUES ('5', '2023-06-10 22:59:12', 'haha', 0, 0);
INSERT INTO `review` (`rid`, `date`, `text`, `stars`, `cool`) VALUES ('9oaENFTu_LAkILPzvkLNx7', '2023-06-16 12:27:31', 'that is soososososososo great', 0, 0);
INSERT INTO `reviewwith` (`bid`, `uid`, `rid`) VALUES ('tUFrWirKiKi_TAnsVWINQQ', '1', '1');
INSERT INTO `reviewwith` (`bid`, `uid`, `rid`) VALUES ('MTSW4McQd7CbVtyjqoe9mw', '4', '3');
INSERT INTO `reviewwith` (`bid`, `uid`, `rid`) VALUES ('mWMc6_wTdE0EUBKIGXDVfA', '2', '4');
INSERT INTO `reviewwith` (`bid`, `uid`, `rid`) VALUES ('CF33F8-E6oudUQ46HnavjQ', '3', '2');
INSERT INTO `reviewwith` (`bid`, `uid`, `rid`) VALUES ('mWMc6_wTdE0EUBKIGXDVfA', '5', '5');
INSERT INTO `reviewwith` (`bid`, `uid`, `rid`) VALUES ('CF33F8-E6oudUQ46HnavjQ', '6', '9oaENFTu_LAkILPzvkLNx7');
